{"cameraMode":{"drawMode":0,"name":"Shaded","section":"Shading Mode"},"sceneLighting":true,"audioPlay":false,"sceneViewState":{"m_AlwaysRefresh":false,"showFog":true,"showSkybox":true,"showFlares":true,"showImageEffects":true,"showParticleSystems":true,"showVisualEffectGraphs":true,"m_FxEnabled":true},"in2DMode":false,"pivot":{"x":-0.25136154890060427,"y":3.5937657356262209,"z":3.00355863571167},"rotation":{"x":0.14428865909576417,"y":-0.7014814019203186,"z":0.14841525256633759,"w":0.681972324848175},"size":1.5232536792755128,"orthographic":false}