{"cameraMode":{"drawMode":0,"name":"Shaded","section":"Shading Mode"},"sceneLighting":true,"audioPlay":false,"sceneViewState":{"m_AlwaysRefresh":false,"showFog":true,"showSkybox":true,"showFlares":true,"showImageEffects":true,"showParticleSystems":true,"showVisualEffectGraphs":true,"m_FxEnabled":true},"in2DMode":false,"pivot":{"x":-10.525399208068848,"y":-4.427204132080078,"z":25.127674102783204},"rotation":{"x":0.08211048692464829,"y":-0.2047993391752243,"z":0.017242277041077615,"w":0.9752035737037659},"size":16.278825759887697,"orthographic":false}