{"cameraMode":{"drawMode":0,"name":"Shaded","section":"Shading Mode"},"sceneLighting":true,"audioPlay":false,"sceneViewState":{"m_AlwaysRefresh":false,"showFog":true,"showSkybox":true,"showFlares":true,"showImageEffects":true,"showParticleSystems":true,"showVisualEffectGraphs":true,"m_FxEnabled":true},"in2DMode":false,"pivot":{"x":3.180000066757202,"y":0.9473931789398193,"z":2.7899999618530275},"rotation":{"x":0.18908430635929109,"y":-0.17858394980430604,"z":0.034993838518857959,"w":0.964953601360321},"size":3.181272268295288,"orthographic":false}