{"cameraMode":{"drawMode":0,"name":"Shaded","section":"Shading Mode"},"sceneLighting":true,"audioPlay":false,"sceneViewState":{"m_AlwaysRefresh":false,"showFog":true,"showSkybox":true,"showFlares":true,"showImageEffects":true,"showParticleSystems":true,"showVisualEffectGraphs":true,"m_FxEnabled":true},"in2DMode":false,"pivot":{"x":2.060354471206665,"y":0.9473931789398193,"z":1.7877404689788819},"rotation":{"x":0.18908430635929109,"y":-0.17858394980430604,"z":0.034993838518857959,"w":0.964953601360321},"size":2.8221590518951418,"orthographic":false}